1|4.000000|5.877500|1.877500|      15|Welcome to The Cosmos Chronicles, where we explore the most mind-bending mysteries of our universe.
2|6.000000|6.608938|.608938|      17|Today, we're embarking on the ultimate journey - a voyage into the heart of a black hole.
3|8.000000|7.157500|-.842500|      16|For over a century, black holes have challenged our understanding of physics, time, and reality itself.
4|4.000000|9.325688|5.325688|      19|In 2019, humanity achieved the impossible - we photographed the shadow of a black hole for the first time.
5|6.000000|8.280813|2.280813|      21|But here's what makes black holes truly extraordinary - they represent places where our most fundamental laws of physics break down.
6|8.000000|7.706063|-.293937|      17|Understanding what happens inside could unlock the deepest secrets of space, time, and the nature of reality.
7|4.000000|6.530563|2.530563|      16|Imagine you're an astronaut leaving the safety of our solar system on humanity's most dangerous mission.
8|6.000000|6.922438|.922438|      17|Your target - Sagittarius A-star, the four million solar mass monster at the center of our galaxy.
9|8.000000|6.922438|-1.077562|      18|This black hole is so massive that our entire solar system would fit comfortably within its event horizon.
10|4.000000|8.672625|4.672625|      27|We chose a supermassive black hole because a stellar black hole would tear you apart with tidal forces before you ever crossed the point of no return.
11|6.000000|6.922438|.922438|      22|As you approach, the first thing you notice isn't the black hole itself - it's what it does to everything around it.
12|8.000000|8.280813|.280813|      18|The black hole's gravity bends light itself, creating a gravitational lens that distorts the entire cosmos behind it.
13|4.000000|6.687313|2.687313|      15|To understand what you're falling into, we need to grasp Einstein's revolutionary insight about gravity.
14|6.000000|5.485688|-.514312|      14|Gravity isn't a force pulling you down - it's the curvature of spacetime itself.
15|8.000000|7.471000|-.529000|      17|Planets don't orbit because they're being pulled - they're following the straightest possible paths through curved space.
16|4.000000|7.888938|3.888938|      20|When a massive star collapses, it warps spacetime so severely that it creates a region from which nothing can escape.
17|6.000000|8.359125|2.359125|      20|The event horizon isn't a surface or wall - it's a boundary in spacetime itself, the point of no return.
18|8.000000|6.765688|-1.234312|      17|It forms where the escape velocity exceeds the speed of light - making escape impossible for anything.
19|4.000000|7.549375|3.549375|      20|As you get closer, you see the black hole's accretion disk - matter spiraling to its doom at incredible temperatures.
20|6.000000|7.079125|1.079125|      15|This matter reaches temperatures of millions of degrees, glowing brighter than the surface of stars.
21|8.000000|7.392625|-.607375|      19|Some of this matter gets accelerated to nearly light speed, creating jets that stretch for thousands of light years.
22|4.000000|8.672625|4.672625|      20|But something even stranger is happening to time itself - it's beginning to slow down relative to the outside universe.
23|6.000000|7.235875|1.235875|      19|From Earth, you would appear to slow down and freeze at the event horizon, your image redshifted into oblivion.
24|8.000000|6.426063|-1.573937|      14|But from your perspective, time flows normally as you continue your inexorable fall inward.
25|4.000000|6.269375|2.269375|      15|Meanwhile, the black hole itself is slowly evaporating through a quantum process called Hawking radiation.
26|6.000000|7.471000|1.471000|      16|Supermassive black holes are incredibly cold - trillions of times colder than the cosmic microwave background.
27|8.000000|10.370563|2.370563|      20|This creates one of physics' greatest mysteries - the information paradox. What happens to information that crosses the event horizon?
28|4.000000|3.866063|-.133937|      14|But we're about to find out, as you reach the point of no return.
29|6.000000|6.765688|.765688|      14|The moment you cross the event horizon feels completely anticlimactic - nothing dramatic happens.
30|8.000000|7.079125|-.920875|      16|Looking back, you see the entire future history of the universe playing out in accelerated time.
31|4.000000|6.608938|2.608938|      14|Light from behind you appears blue-shifted and intensified, creating a spectacular cosmic light show.
32|6.000000|6.687313|.687313|      18|Inside the event horizon, the normal roles of space and time are reversed in ways that defy intuition.
33|8.000000|8.124063|.124063|      21|Just as all paths through time lead to the future, all paths inside a black hole lead inward toward the center.
34|4.000000|8.359125|4.359125|      16|Physicists map this bizarre geometry using Penrose diagrams - spacetime maps that reveal the true structure.
35|6.000000|6.922438|.922438|      14|You feel completely weightless, in perfect free fall, just like an astronaut orbiting Earth.
36|8.000000|6.844063|-1.155937|      16|But gradually, you notice tidal forces - your feet feeling slightly stronger gravity than your head.
37|4.000000|6.112625|2.112625|      16|As you fall deeper, you're entering territory where our understanding of physics begins to break down.
38|6.000000|7.157500|1.157500|      15|Here, Einstein's smooth spacetime must give way to the quantum foam of reality's smallest scales.
39|8.000000|6.191000|-1.809000|      16|Classical physics predicts a singularity - a point of infinite density where space and time end.
40|4.000000|6.687313|2.687313|      13|But infinite density is likely where our mathematics, not reality, breaks down completely.
41|6.000000|7.157500|1.157500|      15|At the smallest scales, space and time themselves might be made of discrete, indivisible units.
42|8.000000|7.392625|-.607375|      16|String theory suggests that at these scales, particles are replaced by vibrating strings in higher dimensions.
43|4.000000|6.530563|2.530563|      16|Alternative theories like loop quantum gravity propose that spacetime is woven from loops of quantum geometry.
44|6.000000|5.564063|-.435937|      13|These quantum effects might create a 'bounce' that prevents true singularities from forming.
45|8.000000|7.000813|-.999187|      15|Some theories suggest black holes could be tunnels - wormholes connecting our universe to others.
46|4.000000|5.642438|1.642438|      15|Each black hole might even give birth to an entirely new universe through cosmic inflation.
47|6.000000|6.608938|.608938|      16|The holographic principle suggests that everything inside the black hole might be encoded on its surface.
48|8.000000|8.202438|.202438|      17|String theory's fuzzball hypothesis proposes that black holes have no interior at all - just surface effects.
49|4.000000|6.347750|2.347750|      16|What makes this journey scientifically crucial is that black holes shaped every galaxy in the universe.
50|6.000000|7.000813|1.000813|      14|Their jets can trigger star formation across thousands of light years, sculpting cosmic evolution.
51|8.000000|7.235875|-.764125|      14|Today, we detect black hole mergers through gravitational waves - ripples in spacetime itself.
52|4.000000|6.922438|2.922438|      15|The Event Horizon Telescope has photographed the shadows of supermassive black holes in distant galaxies.
53|6.000000|7.627750|1.627750|      16|Scientists create black hole analogs in laboratories, using sound waves in flowing fluids to test theories.
54|8.000000|5.250563|-2.749437|      13|Quantum computers are beginning to simulate the quantum mechanics of black hole interiors.
55|4.000000|7.000813|3.000813|      17|Future space missions will probe even closer to these cosmic enigmas, testing Einstein's theory to its limits.
56|6.000000|5.877500|-.122500|      16|Some theories even connect black holes to dark energy and the accelerating expansion of the universe.
57|8.000000|8.202438|.202438|      19|Your journey into a black hole reveals that these aren't just cosmic monsters - they're laboratories for extreme physics.
58|4.000000|8.829375|4.829375|      18|Every answer about black holes leads to deeper questions about the nature of space, time, information, and reality.
59|6.000000|6.922438|.922438|      18|They represent the ultimate frontier - the boundary between what we know and what remains to be discovered.
60|8.000000|12.930563|4.930563|      32|What truly happens inside a black hole remains one of science's greatest mysteries, but our quest to understand them has only just begun. Thank you for joining us on The Cosmos Chronicles.
